法规名,prelaws,postlaws
行政法规\中华人民共和国人民币管理条例.,"《中华人民共和国中国人民银行法》
",无
行政法规\防范和处置非法集资条例（国务院令第737号）,无,"《非法金融机构和非法金融业务活动取缔办法》
"
部门规章\中国人民银行 中国银行业监督管理委员会令〔2016〕第2号（银行卡清算机构管理办法）,"《中华人民共和国中国人民银行法》
《国务院关于实施银行卡清算机构准入管理的决定》（国发〔2015〕22号）
",无
部门规章\中国人民银行 中国银行业监督管理委员会令〔2017〕第2号（汽车贷款管理办法）（中国人民银行 中国银行业监督管理委员会令〔2017〕第2号）,"《中华人民共和国中国人民银行法》
《中华人民共和国银行业监督管理法》
《中华人民共和国商业银行法》
","《汽车贷款管理办法》(中国人民银行中国银行业监督管理委员会令〔2004〕第2号发布)
"
部门规章\中国人民银行 国家发展和改革委员会 财政部 中国证券监督管理委员会令〔2019〕第5号（信用评级业管理暂行办法）,"《中华人民共和国中国人民银行法》
《中华人民共和国公司法》
《中华人民共和国证券法》
《中华人民共和国预算法》
《企业债券管理条例》
",无
部门规章\中国人民银行 海关总署令〔2020〕第3号（修改《黄金及黄金制品进出口管理办法》）,无,无
部门规章\中国人民银行令〔2016〕第3号（金融机构大额交易和可疑交易报告管理办法）,"《中华人民共和国反洗钱法》
《中华人民共和国中国人民银行法》
《中华人民共和国反恐怖主义法》
","《金融机构报告涉嫌恐怖融资的可疑交易管理办法》(中国人民银行令〔2007〕第1号)
《金融机构大额交易和可疑交易报告管理办法》(中国人民银行令〔2006〕第2号)和2007年6月11日发布的《金融机构报告涉嫌恐怖融资的可疑交易管理办法》(中国人民银行令〔2007〕第1号)
"
部门规章\中国人民银行令〔2017〕第1号（内地与香港债券市场互联互通合作管理暂行办法）（中国人民银行令〔2017〕第1号）,"《中华人民共和国中国人民银行法》
",无
部门规章\中国人民银行令〔2017〕第3号（应收账款质押登记办法）（中国人民银行令〔2017〕第3号）,"《中华人民共和国物杈法》
《中华人民共和国物权法》
",无
部门规章\中国人民银行令〔2018〕第1号,"《国务院办公厅关于进一步做好“放管服”改革涉及的规章、规范性文件清理工作的通知》（国办发〔2017〕40号）
","外商投资企业外汇登记管理暂行办法（（96）汇资函字第187号文印发）
境内机构外币现钞收付管理暂行办法（（96）汇管函字第211号文印发）
有价单证及重要空白凭证管理办法（银发〔1997〕163号文印发）
国内信用证结算办法（银发〔1997〕265号文印发）
装帧流通人民币管理办法（中国人民银行令〔2005〕第4号发布，中国人民银行令〔2016〕第1号修订）
"
部门规章\中国人民银行令〔2018〕第2号,无,无
部门规章\中国人民银行令〔2018〕第3号（中国人民银行规章制定程序与管理规定）,"《中华人民共和国立法法》
《规章制定程序条例》
《法规规章备案条例》
","《规章制定标准规程》(银办发〔2002]268号文印发)
"
部门规章\中国人民银行令〔2019〕第1号 （中国人民银行关于取消企业银行账户许可有关事宜的决定）,无,无
部门规章\中国人民银行令〔2019〕第2号 （人民币图样使用管理办法）,"《中华人民共和国中国人民银行法》
《中华人民共和国人民币管理条例》
","《人民币图样使用管理办法》(中国人民银行令〔2005]第4号发布)
"
部门规章\中国人民银行令〔2019〕第3号 （中国人民银行货币鉴别及假币收缴、鉴定管理办法）,"《中华人民共和国中国人民银行法》
《中华人民共和国商业银行法》
《全国人民代表大会常务委员会关于惩治破坏金融秩序犯罪的决定》
《中华人民共和肴嗣癖夜芾硖趵》
","《中国人民银行假币收缴、鉴定管理办法》(中国人民银行令〔2003〕第4号发布)
"
部门规章\中国人民银行令〔2019〕第4号（应收账款质押登记办法）,"《中华人民共和国物权法》
","《应收账款质押登记办法》(中国人民银行令〔2017第3号发布)
"
部门规章\中国人民银行令〔2020〕第1号（中国人民银行行政许可实施办法）,"《中华人民共和国行政许可法》
《中华人民共和国中国人民银行法》
",无
部门规章\中国人民银行令〔2020〕第2号（关于修改《教育储蓄管理办法》等规章的决定）,无,无
部门规章\中国人民银行令〔2020〕第4号（金融控股公司监督管理试行办法）,"《中华人民共和国中国人民银行法》
《中华人民共和国公司法》
《中华人民共和国商业银行法》
《中华人民共和国证券法》
《中华人民共和国证券投资基金法》
《中华人民共和国保险法》
《中华人民共和国银行业监督管理法》
《中华人民共和国信托法》
《国务院关于实施金融控股公司准入管理的决定》（国发〔2020〕12号）
",无
部门规章\中国人民银行令〔2020〕第5号（中国人民银行金融消费者权益保护实施办法）,"《中华人民共和国中国人民银行法》
《中华人民共和国商业银行法》
《中华人民共和国消费者权益保护法》
《国务院办公厅关于加强金融消费者权益保护工作的指导意见》（国办发〔2015〕81号）
",无
部门规章\中国人民银行令〔2021〕第1号（非银行支付机构客户备付金存管办法）,"《中华人民共和国中国人民银行法》
《中华人民共和国电子商务法》
《中华人民共和国网络安全法》
《非金融机构支付服务管理办法》（中国人民银行令〔2010〕第2号发布）
","《支付机构客户备付金存管办法》（中国人民银行公告〔2013〕第6号公布）
"
部门规章\中国人民银行令〔2021〕第2号（金融控股公司董事、监事、高级管理人员任职备案管理暂行规定）,无,无
部门规章\中国人民银行令〔2021〕第3号（金融机构反洗钱和反恐怖融资监督管理办法）,"《中华人民共和国反洗钱法》
《中华人民共和国中国人民银行法》
《中华人民共和国反恐怖主义法》
","《金融机构反洗钱监督管理办法（试行）》（银发〔2014〕344号文印发）
"
部门规章\中国人民银行关于修改《金融机构大额交易和可疑交易报告管理办法》的决定（中国人民银行银行令〔2018〕第2号）,无,无
规范性文件\中国人民银行 中华人民共和国国家发展和改革委员会 中国证券监督管理委员会公告〔2020〕第22号（公司信用类债券信息披露管理办法）,"《中华人民共和国中国人民银行法》
《中华人民共和国证券法》
《中华人民共和国公司法》
《企业债券管理条例》
","《企业债券发行信息披露指引》（发改办财金〔2015〕3127号文件附件2）
《公开发行证券的公司信息披露内容与格式准则第39号-公司债券半年度报告的内容与格式》（证监会公告〔2016〕9号）、《企业债券发行信息披露指引》（发改办财金〔2015〕3127号文件附件2）
《公开发行证券的公司信息披露内容与格式准则第38号-公司债券年度报告的内容与格式》（证监会公告〔2016〕3号）、《公开发行证券的公司信息披露内容与格式准则第39号-公司债券半年度报告的内容与格式》（证监会公告〔2016〕9号）、《企业债券发行信息披露指引》（发改办财金〔2015〕3127号文件附件2）
《公开发行证券的公司信息披露内容与格式准则第23号-公开发行公司债券募集说明书》（证监会公告〔2015〕2号）、《公开发行证券的公司信息披露内容与格式准则第38号-公司债券年度报告的内容与格式》（证监会公告〔2016〕3号）、《公开发行证券的公司信息披露内容与格式准则第39号-公司债券半年度报告的内容与格式》（证监会公告〔2016〕9号）、《企业债券发行信息披露指引》（发改办财金〔2015〕3127号文件附件2）
"
规范性文件\中国人民银行 中国证券监督管理委员会公告[2018]第14号,"《中华人民共和国中国人民银行法》
《中华人民共和国证券法》
",无
规范性文件\中国人民银行 中国证券监督管理委员会公告〔2017〕第20号（绿色债券评估认证行为指引（暂行））（中国人民银行 中国证券监督管理委员会公告〔2017〕第20号）,无,无
规范性文件\中国人民银行 中国证券监督管理委员会关于内地与香港股票市场交易互联互通机制有关问题的通知（银发〔2016〕282号）,"《境外机构人民币银行结算账户管理办法》
《中国人民银行关于境外机构人民币银行结算账户开立和使用有关问题的通知》
《人民币银行结算账户管理办法》
《中国人民银行中国证券监督管理委员会关于沪港股票市场交易互联互通机制试点有关问题的通知》
","《中国人民银行中国证券监督管理委员会关于沪港股票市场交易互联互通机制试点有关问题的通知》(银发〔2014336号)
"
规范性文件\中国人民银行 中国银行业监督管理委员会公告〔2016〕第10号（国内信用证结算办法）(中国人民银行 中国银行业监督管理委员会公告〔2016〕第10号),无,"《信用证会计核算手续》(银发〔1997〕265号文印发)
《国内信用证结算办法》和《信用证会计核算手续》(银发〔1997〕265号文印发)
"
规范性文件\中国人民银行 中国银行业监督管理委员会关于加强票据业务监管 促进票据市场健康发展的通知（银发〔2016〕126号）,无,无
规范性文件\中国人民银行 中国银行业监督管理委员会关于调整个人住房贷款政策有关问题的通知（银发〔2016〕26号）,无,无
规范性文件\中国人民银行 中国银行保险监督管理委员会 中国证券监督管理委员会 国家发展改革委 财政部关于进一步深化小微企业金融服务的意见（银发[2018]162 号）,无,无
规范性文件\中国人民银行 中国银行保险监督管理委员会 中国证券监督管理委员会 国家外汇管理局公告〔2020〕第5号（标准化债权类资产认定规则）,"《中国人民银行 中国银行保险监督管理委员会 中国证券监督管理委员会 国家外汇管理局关于规范金融机构资产管理业务的指导意见》（银发〔2018〕106号）
",无
规范性文件\中国人民银行 中国银行保险监督管理委员会 中国证券监督管理委员会 国家外汇管理局关于规范金融机构资产管理业务的指导意见（银发[2018]106号）,无,无
规范性文件\中国人民银行 中国银行保险监督管理委员会 中国证券监督管理委员会 国家外汇管理局关于进一步规范金融营销宣传行为的通知（银发〔2019〕316号）,"《中华人民共和国中国人民银行法》
《中华人民共和国银行业监督管理法》
《中华人民共和国证券法》
《中华人民共和国证券投资基金法》
《中华人民共和国保险法》
《国务院办公厅关于加强金融消费者权益保护工作的指导意见》
",无
规范性文件\中国人民银行 中国银行保险监督管理委员会 中国证券监督管理委员会关于加强非金融企业投资金融机构监管的指导意见（银发[2018]107号）,无,无
规范性文件\中国人民银行 中国银行保险监督管理委员会 中国证券监督管理委员会关于印发《互联网金融从业机构反洗钱和反恐怖融资管理办法（试行）》的通知（银发[2018]230号）,"《中华人民共和国中国人民银行法》
《中华人民共和国反洗钱法》
《中华人民共和国反恐怖主义法》
《国务院办公厅关于印发互联网金融风险专项整治工作实施方案的通知》
《中国人民银行工业和信息化部公安部财政部工商总局法制办银监会证监会保监会国家互联网信息办公室关于促进互联网金融健康发展的指导意见》
",无
规范性文件\中国人民银行 中国银行保险监督管理委员会 中国证券监督管理委员会关于完善系统重要性金融机构监管的指导意见（银发[2018]301号）,无,无
规范性文件\中国人民银行 中国银行保险监督管理委员会关于印发《系统重要性银行评估办法》的通知（银发〔2020〕289号）,"《中华人民共和国中国人民银行法》
《中华人民共和国银行业监督管理法》
《中华人民共和国商业银行法》
《中国人民银行 中国银行保险监督管理委员会 中国证券监督管理委员会关于完善系统重要性金融机构监管的指导意见》（银发〔2018〕301号）
",无
规范性文件\中国人民银行 中国银行保险监督管理委员会关于实施银行业金融机构金融消费者投诉统计分类及编码行业标准的通知（银发[2018]243号）,无,无
规范性文件\中国人民银行 中国银行保险监督管理委员会关于建立银行业金融机构房地产贷款集中度管理制度的通知（银发〔2020〕322号）,无,无
规范性文件\中国人民银行 公安部关于做好境外非政府组织代表机构人民币银行账户管理有关工作的通知（银发〔2017〕90号）,"《中华人民共和国境外非政府组织境内活动管理法》
《中华人民共和国反洗钱法》
《人民币银行结算账户管理办法》
《金融机构客户身份识别和客户身份资料及交易记录保存管理办法》
《境外非政府组织代表机构登记证书》
《境外非政府组织代表机构首席代表证》
《境外非政府组织代表机构代表证》
",无
规范性文件\中国人民银行 发展改革委 证监会关于公司信用类债券违约处置有关事宜的通知,无,无
规范性文件\中国人民银行 发展改革委 证监会关于印发《绿色债券支持项目目录（2021年版）》的通知（银发〔2021〕96号）,无,无
规范性文件\中国人民银行 商务部公告〔2016〕第1号（设立外商投资征信机构）（中国人民银行 商务部公告〔2016〕第1号）,无,无
规范性文件\中国人民银行 国家发展和改革委员会 商务部 国务院国有资产监督管理委员会 中国银行保险监督管理委员会 国家外汇管理局关于进一步优化跨境人民币政策 支持稳外贸稳外资的通知,"《中华人民共和国中国人民银行法》
《中国人民银行关于内地银行与香港和澳门银行办理个人人民币业务有关问题的通知》（银发〔2004〕254号）
《跨境贸易人民币结算试点管理办法实施细则》（银发〔2009〕212号文印发）
《外商直接投资人民币结算业务管理办法》（中国人民银行公告〔2011〕第23号公布）
《中国人民银行关于明确外商直接投资人民币结算业务操作细则的通知》（银发〔2012〕165号）
《中国人民银行 财政部 商务部 海关总署 国家税务总局 中国银行业监督管理委员会关于出口货物贸易人民币结算企业管理有关问题的通知》（银发〔2012〕23号）
《中国人民银行关于境外机构人民币银行结算账户开立和使用有关问题的通知》（银发〔2012〕183号）
《中国人民银行关于跨国企业集团开展跨境人民币资金集中运营业务有关事宜的通知》（银发〔2014〕324号）
《中国人民银行关于进一步明确境内企业人民币境外放款业务有关事项的通知》（银发〔2016〕306号）
《中国人民银行关于全口径跨境融资宏观审慎管理有关事宜的通知》（银发〔2017〕9号）
",无
规范性文件\中国人民银行 国家发展改革委 财政部 银保监会 证监会关于促进债券市场信用评级行业健康发展的通知,"《中华人民共和国中国人民银行法》
《中华人民共和国公司法》
《中华人民共和国证券法》
《中华人民共和国预算法》
《企业债券管理条例》
《信用评级业管理暂行办法》
",无
规范性文件\中国人民银行 国家外汇管理局关于人民币合格境外机构投资者境内证券投资管理有关问题的通知（银发[2018]157号）,"《人民币合格境外机构投资者境内证券投资试点办法》
《人民币合格境外机构投资者登记表》
《境外机构人民币银行结算账户管理办法》
《中国人民银行关于境外机构人民币银行结算账户开立和使用有关问题的通知》
《国家外汇管理局关于调整合格机构投资者数据报送方式的通知》
《人民币跨境收付信息管理系统管理办法》
《中国人民银行办公厅关于完善人民币跨境收付信息管理系统银行间业务数据报送流程的通知》
《中国人民银行国家外汇管理局关于人民币合格境外机构投资者境内证券投资管理有关问题的通知》
","《中国人民银行国家外汇管理局关于人民币合格境外机构投资者境内证券投资管理有关问题的通知》(银发〔2016〕227号)
"
规范性文件\中国人民银行 国家外汇管理局关于进一步便利境外机构投资者投资银行间债券市场有关事项的通知（银发〔2019〕240号）,"《中华人民共和国外汇管理条例》
《中国人民银行公告》
《人民币跨境收付信息管理系统管理办法》
《中国人民银行办公厅关于完善人民币跨境收付信息管理系统银行间业务数据报送流程的通知》
",无
规范性文件\中国人民银行 国家税务总局 国家外汇管理局关于印发《银行业存款类金融机构非居民金融账户涉税信息尽职调查细则》的通知（银发〔2017〕278号）,"《非妹窠鹑谡嘶涉税信息尽职调查管理办法》
《办法》
",无
规范性文件\中国人民银行 国家认证认可监督管理委员会关于加强支付技术产品标准实施与安全管理的通知（银发〔2017〕208号）,无,无
规范性文件\中国人民银行 工业和信息化部 公安部 工商总局关于建立电信网络新型违法犯罪涉案账户紧急止付和快速冻结机制的通知(银发〔2016〕86号),无,无
规范性文件\中国人民银行 工商总局关于个体工商户“两证整合”登记制度改革涉及银行账户管理有关事项的通知(银发〔2017〕3号),无,无
规范性文件\中国人民银行 民政部关于印发《社会组织反洗钱和反恐怖融资管理办法》的通知（银发〔2017〕261号）,"《中华人民共和国反洗钱法》
《中华人民共和国反恐怖主义法》
《中华人民共和国中国人民银行法》
《中华人民共和国慈善法》
《社会团体登记管理条例》
《基金会管理条例》
《民办非企业单位登记管理暂行条例》
《外国商会管理暂行规定》
",无
规范性文件\中国人民银行 民政部关于规范全国性社会组织开立临时存款账户有关事项的通知(银发〔2016〕99号),"《人民币银行结算账户管理办法》
《社会团体登记管理条例》
《基金会管理条例》
《民办非企业单位登记管理暂行条例》
《关于开立临时存款账户的通知》
《关于注销临时存款账户的通知》
《关于变更临时存款账户预留印签的通知》
《中国人民银行工商总局关于“三证合一”登记制度改革有关支付结算业务管理事项的通知》
",无
规范性文件\中国人民银行 海关总署公告〔2016〕第32号（黄金及黄金制品进出口事宜）(中国人民银行 海关总署公告〔2016〕第32号),"《黄金及黄金制品进出口管理办法》
《黄金及黄金制品进出口管理商品目录》
《中国人民银行黄金及黄金制品进出口准许证》
",无
规范性文件\中国人民银行 海关总署公告〔2016〕第9号（黄金及黄金制品进出口准许证事宜）(中国人民银行 海关总署公告〔2016〕第9号),"《黄金及黄金制品进出口管理办法》
",无
规范性文件\中国人民银行 海关总署公告〔2017〕第5号（黄金及黄金制品进出口准许证事宜）(中国人民银行 海关总署公告〔2017〕第5号),无,无
规范性文件\中国人民银行 财政部 发展改革委 证监会公告[2018]第15号,无,无
规范性文件\中国人民银行 财政部 商务部 银监会 证监会 保监会关于金融支持服务贸易发展的指导意见（银发〔2017〕41号）,无,无
规范性文件\中国人民银行 财政部公告[2018]第16号,"《中华人民共和国中国人民银行法》
《中华人民共和国会计法》
",无
规范性文件\中国人民银行 财政部关于印发 《储蓄国债（凭证式）管理办法》的通知（银发〔2021〕20号）,"《中华人民共和国预算法》
《中华人民共和国中国人民银行法》
",无
规范性文件\中国人民银行 银监会 证监会 保监会 扶贫办关于开展金融精准扶贫政策效果评估的通知（银发〔2017〕19号）,"《金融精准扶贫政策效果评估指引(试行》
",无
规范性文件\中国人民银行 银监会 证监会 保监会关于规范债券市场参与者债券交易业务的通知（银发[2017]302号）,"《全国银行间债券市场债券交易管理办法》
《银行间债券市场债券登记托管结算管理办法》
《公司债券发行与交易管理办法》
",无
规范性文件\中国人民银行公告[2018]第10号,"《中华人民共和国中国人民银行法》
《中华人民共和国消费者权益保护法》
《中华人民共和国人民币管理条例》
",无
规范性文件\中国人民银行公告[2018]第18号,"《全国银行间债券市场债券交易管理办法》
《银行间债券市场债券登记托管结算管理办法》
《中国银行间市场债券回购交易主协议》
",无
规范性文件\中国人民银行公告[2018]第3号,"《中华人民共和国中国人民银行法》
","《银行间市场金融债券发行管理办法》有关规定执行十一、本公告自公布之日起执行,中国人民银行公告〔2006〕第11号
"
规范性文件\中国人民银行公告[2018]第7号,"《中华人民共和国中国人民银行法》
《非金融机构支付服务管理办法》
",无
规范性文件\中国人民银行公告〔2016〕第13号（关于降低个人投资人认购大额存单起点金额有关事宜）（中国人民银行公告〔2016〕第13号）,无,无
规范性文件\中国人民银行公告〔2016〕第29号（票据交易管理办法）（中国人民银行公告〔2016〕第29号）,无,无
规范性文件\中国人民银行公告〔2016〕第2号（全国银行间债券市场柜台业务管理办法）（中国人民银行公告〔2016〕第2号）,"《中华人民共和国中国人民银行法》
《银行间债券市场债券登记托管结算管理办法》
",无
规范性文件\中国人民银行公告〔2016〕第3号（进一步做好境外机构投资者投资银行间债券市场有关事宜）（中国人民银行公告〔2016〕第3号）,无,无
规范性文件\中国人民银行公告〔2016〕第7号（支付结算违法违规行为举报奖励办法）(中国人民银行公告〔2016〕第7号),"《中华人民共和国中国人民银行法》
《中华人民共和国商业银行法》
《支付结算办法》
《非金融机构支付服务管理办法》
",无
规范性文件\中国人民银行公告〔2016〕第8号（关于进一步做好合格机构投资者进入银行间债券市场有关工作）（中国人民银行公告〔2016〕第8号）,"《全国银行间债券市场债券交易管理办法》
《银行间债券市场债券登记托管结算管理办法》
",无
规范性文件\中国人民银行公告〔2017〕第12号（优化同业存单期限结构）（中国人民银行公告〔2017〕第12号）,无,无
规范性文件\中国人民银行公告〔2017〕第18号（中国人民银行自动质押融资业务管理办法）（中国人民银行公告〔2017〕第18号）,"《中华人民共和国中国人民银行法》
","《中国人民银行自动质押融资业务管理暂行办法》中国人民银行公告〔2005〕第25号)
"
规范性文件\中国人民银行公告〔2017〕第7号（评级机构在银行间债券市场开展信用评级业务有关事宜)(中国人民银行公告〔2017〕第7号),"《中华人民共和国中国人民银行法》
",无
规范性文件\中国人民银行公告〔2020〕6号（标准化票据管理办法）,"《中华人民共和国中国人民银行法》
《中华人民共和国信托法》
《中华人民共和国票据法》
",无
规范性文件\中国人民银行公告〔2020〕第19号（规范商业承兑汇票信息披露）,无,无
规范性文件\中国人民银行公告〔2020〕第21号（完善银行间债券市场现券做市商管理有关事宜）,"《中华人民共和国中国人民银行法》
","《全国银行间债券市场做市商管理规定》（中国人民银行公告〔2007〕第1号公布）
"
规范性文件\中国人民银行公告〔2021〕第4号（修订银行间债券市场债券交易流通有关公告）,无,无
规范性文件\中国人民银行公告（修改“证照分离”改革涉及的规范性文件）（中国人民银行公告〔2020〕第15号）,无,无
规范性文件\中国人民银行公告（修订《非金融机构支付服务管理办法实施细则》等5件规范性文件）(公告〔2020〕3号),无,无
规范性文件\中国人民银行公告（关于开展到期违约债券转让业务有关事宜）（公告〔2019〕24号）,"《全国银行间债券市场债券交易管理办法》
",无
规范性文件\中国人民银行公告（废止《不宜流通人民币挑剔标准》）（公告[2019]1号）,无,无
规范性文件\中国人民银行关于“装帧流通人民币审批”行政许可事项取消后相关工作的通知（银发〔2017〕247号）,无,无
规范性文件\中国人民银行关于《金融机构大额交易和可疑交易报告管理办法》有关执行要求的通知（银发〔2017〕99号）,无,无
规范性文件\中国人民银行关于优化空头支票违规行为综合治理工作的通知（银发〔2019〕155号）,"《中华人民共和国行政强制法》
《空头支票行政处罚信息采集表》
《征信业管理条例》
《中华人民共和国票据法》
《票据管理实施办法》
《中国人民银行关于对违法签发支票行为行政处罚若干问题的实施意见(试行)》
《中国人民银行关于进一步规范空头支票行政处罚工作有关事项的通知》
","《中国人民银行关于进一步规范空头支票行政处罚工作有关事项的通知》(银发〔2016〕319号)
"
规范性文件\中国人民银行关于信用卡业务有关事项的通知(银发〔2016〕111号),无,无
规范性文件\中国人民银行关于修订《电子商业汇票系统管理办法》等四项制度的通知（银发[2018]152号）,无,"《中国人民银行办公厅关于简化电子商业汇票系统接入审核程序的通知》(银办发[2015]90号)
《电子商业汇票系统危机处置预案》(银发〔2009]328号文印发)和《中国人民银行办公厅关于简化电子商业汇票系统接入审核程序的通知》(银办发[2015]90号)
《电子商业汇票系统数字证书管理办法》、《电子商业汇票系统危机处置预案》(银发〔2009]328号文印发)和《中国人民银行办公厅关于简化电子商业汇票系统接入审核程序的通知》(银办发[2015]90号)
《电子商业汇票系统运行管理办法》、《电子商业汇票系统数字证书管理办法》、《电子商业汇票系统危机处置预案》(银发〔2009]328号文印发)和《中国人民银行办公厅关于简化电子商业汇票系统接入审核程序的通知》(银办发[2015]90号)
《电子商业汇票系统管理办法》、《电子商业汇票系统运行管理办法》、《电子商业汇票系统数字证书管理办法》、《电子商业汇票系统危机处置预案》(银发〔2009]328号文印发)和《中国人民银行办公厅关于简化电子商业汇票系统接入审核程序的通知》(银办发[2015]90号)
《电子商业汇票系统危机处置预案》(附件4)印发给你们,请遵照执行原《电子商业汇票系统管理办法》、《电子商业汇票系统运行管理办法》、《电子商业汇票系统数字证书管理办法》、《电子商业汇票系统危机处置预案》(银发〔2009]328号文印发)和《中国人民银行办公厅关于简化电子商业汇票系统接入审核程序的通知》(银办发[2015]90号)
《电子商业汇票系统数字证书管理办法》(附件3)和《电子商业汇票系统危机处置预案》(附件4)印发给你们,请遵照执行原《电子商业汇票系统管理办法》、《电子商业汇票系统运行管理办法》、《电子商业汇票系统数字证书管理办法》、《电子商业汇票系统危机处置预案》(银发〔2009]328号文印发)和《中国人民银行办公厅关于简化电子商业汇票系统接入审核程序的通知》(银办发[2015]90号)
《电子商业汇票系统运行管理办法》(附件2)、《电子商业汇票系统数字证书管理办法》(附件3)和《电子商业汇票系统危机处置预案》(附件4)印发给你们,请遵照执行原《电子商业汇票系统管理办法》、《电子商业汇票系统运行管理办法》、《电子商业汇票系统数字证书管理办法》、《电子商业汇票系统危机处置预案》(银发〔2009]328号文印发)和《中国人民银行办公厅关于简化电子商业汇票系统接入审核程序的通知》(银办发[2015]90号)
《电子商业汇票系统管理办法》(附件1)、《电子商业汇票系统运行管理办法》(附件2)、《电子商业汇票系统数字证书管理办法》(附件3)和《电子商业汇票系统危机处置预案》(附件4)印发给你们,请遵照执行原《电子商业汇票系统管理办法》、《电子商业汇票系统运行管理办法》、《电子商业汇票系统数字证书管理办法》、《电子商业汇票系统危机处置预案》(银发〔2009]328号文印发)和《中国人民银行办公厅关于简化电子商业汇票系统接入审核程序的通知》(银办发[2015]90号)
《电子商业汇票系统管理办法》等四项制度的通知中国人民银行上海总部,各分行、菅业管理部,各省会(首府)城市中心支行,深圳市中心支行;爰铱发银行,各政策性银行国有商业银行、般份制商业银行,中国邮政储蓄银行;城市商业银行清算中心、农信银资金清算中心、上海票据交易所股份有限公按照相关工作安排,为建立全国统一的票据市场,人民银行已于2017年10月7日将电子商业汇票系统移交上海票据交易所股份有限公司运营。现将修订后的《电子商业汇票系统管理办法》(附件1)、《电子商业汇票系统运行管理办法》(附件2)、《电子商业汇票系统数字证书管理办法》(附件3)和《电子商业汇票系统危机处置预案》(附件4)印发给你们,请遵照执行原《电子商业汇票系统管理办法》、《电子商业汇票系统运行管理办法》、《电子商业汇票系统数字证书管理办法》、《电子商业汇票系统危机处置预案》(银发〔2009]328号文印发)和《中国人民银行办公厅关于简化电子商业汇票系统接入审核程序的通知》(银办发[2015]90号)
"
规范性文件\中国人民银行关于军人保障卡等军人银行账户管理有关事项的通知（银发[2018]4号）,无,无
规范性文件\中国人民银行关于切实做好新形势下反假货币培训工作的通知（银发〔2019〕319号）,"《金融机构现金从业人员货币鉴别能力要求》
",无
规范性文件\中国人民银行关于加强反洗钱客户身份识别有关工作的通知（银发〔2017〕235号）,无,无
规范性文件\中国人民银行关于加强开户管理及可疑交易报告后续控制措施的通知（银发〔2017〕117号）,"《金融机构洗钱和恐怖融资风险评估及客户分类管理指引》
",无
规范性文件\中国人民银行关于加强征信合规管理工作的通知(银发〔2016〕300号),无,无
规范性文件\中国人民银行关于加强支付结算管理 防范电信网络新型违法犯罪有关事项的通知(银发〔2016〕261号),无,无
规范性文件\中国人民银行关于加强电子商业汇票交易管理有关事项的通知（银发〔2017〕165号）,无,无
规范性文件\中国人民银行关于加强绿色金融债券存续期监督管理有关事宜的通知（银发[2018]29号）,"《绿色金融债券存续期信息披露规范》
《全国银行间债券市场金融债券发行管理办法》
《中国人民银行公告〔2015〕第39号》
",无
规范性文件\中国人民银行关于加强贵金属交易场所反洗钱和反恐怖融资工作的通知（银发〔2017〕218号）,"《中华人民共和国中国人民银行法》
《中华人民共和国反洗钱法》
《中华人民共和国反恐怖主义法》
",无
规范性文件\中国人民银行关于加强跨境金融网络与信息服务管理的通知（银发[2018]176号）,无,无
规范性文件\中国人民银行关于印发《上海票据交易所业务监督管理规则》的通知（银发〔2017〕279号）,"《票据交易管理办法》
",无
规范性文件\中国人民银行关于印发《中国人民银行反假人民币奖励办法》的通知(银发〔2016〕21号),无,无
规范性文件\中国人民银行关于印发《中国人民银行金融消费者权益保护实施办法》的通知(银发〔2016〕314号),"《中华人民共和国中国人民银行法》
《中华人民共和国消费者权益保护法》
《中华人民共和国商业银行法》
《中华人民共和国网络安全法》
《国务院办公厅关于加强金融消费者权益保护工作的指导意见》
",无
规范性文件\中国人民银行关于印发《义务机构反洗钱交易监测标准建设工作指引》的通知（银发〔2017〕108号）,"《中华人民共和国中国人民银行法》
《中华人民共和国反洗钱法》
《中华人民共和国反恐怖主义法》
《金融机构大额交易和可疑交易报告管理办法》
《管理办法》
",无
规范性文件\中国人民银行关于印发《人民币跨境支付系统业务规则》的通知（银发[2018]72号）,无,"《人民币跨境支付系统业务暂行规则》(银办发〔2015]210号文印发)
《人民币跨境支付系统业务规则》,现印发给你们,请遵照执行。《人民币跨境支付系统业务暂行规则》(银办发〔2015]210号文印发)

"
规范性文件\中国人民银行关于印发《人民币跨境收付信息管理系统管理办法》的通知（银发〔2017〕126号）,"《跨境贸易人民币结算试点管理办法》
","《中国人民银行关于印发〈人民币跨境收付信息管理系统管理暂行办法〉的通知》(银发〔201079号)
"
规范性文件\中国人民银行关于印发《企业征信机构备案管理办法》的通知（银发〔2016〕253号）,"《中华人民共和国中国人民银行法》
《征信业管理条例》
《征信机构管理办法》
",无
规范性文件\中国人民银行关于印发《反洗钱数据报送工作数字证书管理规程》的通知（银发〔2016〕163号）,无,"《大额交易和可疑交易报告互联网报送数字证书管理规程(试行)(银发〔2012]156号文印发)
《反洗钱数据报送工作数字证书管理规程》印发给你们,请遵照执行原《大额交易和可疑交易报告互联网报送数字证书管理规程(试行)(银发〔2012]156号文印发)
《反洗钱数据报送工作数字证书管理规程》的通知中国人民银行上海总部,各分行、营业管理部,各省会(首府)城市中心支行,各副省级城市中心支行;国家开发银行,各政策性银行、国有商业银行、股份制商业银行,中国邮政储蓄银行为进一步加强反洗钱数据报送的数字证书管理,现将修订后的《反洗钱数据报送工作数字证书管理规程》印发给你们,请遵照执行原《大额交易和可疑交易报告互联网报送数字证书管理规程(试行)(银发〔2012]156号文印发)
"
规范性文件\中国人民银行关于印发《国库资金经收支付服务管理办法（试行）》的通知（银发〔2019〕292号）,"《中华人民共和国中国人民银行法》
《中华人民共和国国家金库条例》
《中华人民共和国国家金库条例实施细则》
《商业银行、信用社代理国库业务管理办法》
《非金融机构支付服务管理办法》
《银行卡清算机构管理办法》
《非银行支付机构网络支付业务管理办法》
",无
规范性文件\中国人民银行关于印发《普通纪念币普制币发行管理暂行规定》的通知（银发〔2020〕173号）,"《中华人民共和国中国人民银行法》
《中华人民共和国人民币管理条例》
",无
规范性文件\中国人民银行关于印发《条码支付业务规范（试行）》的通知（银发〔2017〕296号）,"《电子支付指引(第一号)》
《非金融机构支付服务管理办法》
《银行卡收单业务管理办法》
《非银行支付机构网络支付业务管理办法》
",无
规范性文件\中国人民银行关于印发《银行业金融机构反假货币工作指引》的通知(银发〔2016〕29号),无,无
规范性文件\中国人民银行关于印发《银行业金融机构反洗钱现场检查数据接口规范（试行）》的通知（银发〔2017〕300号）,无,无
规范性文件\中国人民银行关于印发《银行业金融机构绿色金融评价方案》的通知,无,"《中国人民银行关于开展银行业存款类金融机构绿色信贷业绩评价的通知》（银发〔2018〕180号）
"
规范性文件\中国人民银行关于印发《非银行支付机构反洗钱现场检查数据接口规范（试行）》的通知（银发〔2017〕301号）,无,无
规范性文件\中国人民银行关于印发《非银行支付机构大额交易报告要素及释义》的通知（银发〔2018〕349号）,无,无
规范性文件\中国人民银行关于印发《非银行支付机构重大事项报告管理办法》的通知（银发〔2021〕198号）,"《中华人民共和国中国人民银行法》
《非金融机构支付服务管理办法》（中国人民银行令〔2010〕第2号发布）
",无
规范性文件\中国人民银行关于印发假币收缴、鉴定业务专用凭证印章等样式有关事项的通知（银发〔2020〕281号）,无,"《中国人民银行关于做好反假货币信息系统试运行工作的通知》（银发〔2009〕374号）第一条第二项“填写假币收缴凭证的要求”关于假币收缴凭证样式及使用说明的规定
《中国人民银行关于印发收缴、鉴定假币专用凭证印章样式及使用说明的通知》（银发〔2003〕104号），以及《中国人民银行关于做好反假货币信息系统试运行工作的通知》（银发〔2009〕374号）第一条第二项“填写假币收缴凭证的要求”关于假币收缴凭证样式及使用说明的规定
《关于下发〈假币收缴凭证〉和“假币”印章样式的通知》（银发〔2000〕90号）、《中国人民银行关于印发收缴、鉴定假币专用凭证印章样式及使用说明的通知》（银发〔2003〕104号），以及《中国人民银行关于做好反假货币信息系统试运行工作的通知》（银发〔2009〕374号）第一条第二项“填写假币收缴凭证的要求”关于假币收缴凭证样式及使用说明的规定
《关于颁发〈中国人民银行授权书〉的通知》（银发〔2000〕89号）、《关于下发〈假币收缴凭证〉和“假币”印章样式的通知》（银发〔2000〕90号）、《中国人民银行关于印发收缴、鉴定假币专用凭证印章样式及使用说明的通知》（银发〔2003〕104号），以及《中国人民银行关于做好反假货币信息系统试运行工作的通知》（银发〔2009〕374号）第一条第二项“填写假币收缴凭证的要求”关于假币收缴凭证样式及使用说明的规定
"
规范性文件\中国人民银行关于印发证券期货保险机构反洗钱执法检查数据提取接口规范的通知（银发〔2019〕63号）,无,无
规范性文件\中国人民银行关于发布《非银行支付机构分类评级管理办法》的通知(银发〔2016〕106号),"《非金融机构支付服务管理办法》
",无
规范性文件\中国人民银行关于取消企业银行账户许可的通知（银发〔2019〕41号）,"《中华人民共和国中国人民银行法》
《中华人民共和国商业银行法》
《中华人民共和国反洗钱法》
《人民币银行结算账户管理办法》
《中国人民银行令》
",《试点取消企业基本存款账户开户许可证核发业务处理办法》银发〔2018125号文印发)
规范性文件\中国人民银行关于境外人民币业务参加行在境内代理行存放执行正常存款准备金率的通知(银发〔2016〕11号),无,无
规范性文件\中国人民银行关于大额交易和可疑交易报告要素及释义的通知（银发〔2017〕98号）,无,无
规范性文件\中国人民银行关于完善人民币购售业务管理有关问题的通知（银发[2018]159号）,"《中华人民共和国中国人民银行法》
",无
规范性文件\中国人民银行关于完善开发性银行和政策性银行金融债券发行有关事宜的通知（银发〔2016〕254号）,无,无
规范性文件\中国人民银行关于开展银行业存款类金融机构绿色信贷业绩评价的通知（银发[2018]180号）,"《方案》
",无
规范性文件\中国人民银行关于强化银行卡受理终端安全管理的通知（银发〔2017〕21号）,无,无
规范性文件\中国人民银行关于持续提升收单服务水平 规范和促进收单服务市场发展的指导意见（银发〔2017〕45号）,无,无
规范性文件\中国人民银行关于改进个人银行账户分类管理有关事项的通知（银发[2018]16号）,无,无
规范性文件\中国人民银行关于落实个人银行账户分类管理制度的通知(银发〔2016〕302号),无,无
规范性文件\中国人民银行关于落实执行联合国安理会相关决议的通知（银发〔2017〕187号）,"《联合国宪章》
《中华人民共和国中国人民银行法》
《中华人民共和国反洗钱法》
《中华人民共和国反恐怖主义法》
《中国人民银行执行外交部关于执行安理会有关决议通知的通知》
",无
规范性文件\中国人民银行关于规范代收业务的通知（银发〔2020〕248号）,无,无
规范性文件\中国人民银行关于规范支付创新业务的通知（银发〔2017〕281号）,无,无
规范性文件\中国人民银行关于进一步做好受益所有人身份识别工作有关问题的通知（银发[2018]164号）,无,无
规范性文件\中国人民银行关于进一步加强征信信息安全管理的通知（银发[2018]102号）,无,无
规范性文件\中国人民银行关于进一步加强支付结算管理防范电信网络新型违法犯罪有关事项的通知（银发〔2019〕85号）,无,无
规范性文件\中国人民银行关于进一步加强银行卡风险管理的通知（银发〔2016〕170号）,无,无
规范性文件\中国人民银行关于进一步完善人民币跨境业务政策 促进贸易投资便利化的通知（银发[2018]3号）,无,无
规范性文件\中国人民银行关于进一步完善存款准备金平均法考核的通知(银发〔2016〕153号),"《中国人民银行关于实施平均法考核存款准备金的通知》
《中国人民银行关于境外人民币业务参加行在境内代理行存放执行正常存款准备金率的通知》
",无
规范性文件\中国人民银行关于进一步明确境内企业人民币境外放款业务有关事项的通知（银发〔2016〕306号）,无,无
规范性文件\中国人民银行关于金融机构开展人民币海外基金业务的指导意见（银发〔2017〕195号）,无,无
规范性文件\中国人民银行关于非银行支付机构开展大额交易报告工作有关要求的通知（银发〔2018〕163号）,"《非金融机构支付服务管理办法》
《支付业务许可证》
《金融机构大额交易和可疑交易报告管理办法》
",无
规范性文件\中国人民银行办公厅 人力资源社会保障部办公厅关于印发《具有金融功能的第三代社会保障卡技术规范》的通知（银办发〔2017〕170号）,无,无
规范性文件\中国人民银行办公厅 保监会办公厅关于投保人与被保险人、受益人关系确认有关事项的通知(银办发〔2016〕270号),无,无
规范性文件\中国人民银行办公厅 财政部办公厅 税务总局办公厅关于做好个人所得税住房贷款利息专项附加扣除相关信息归集工作的通知（银办发〔2019〕71号）,无,无
规范性文件\中国人民银行办公厅关于“三证合一”登记制度改革有关反洗钱工作管理事项的通知(银办发〔2016〕110号),无,无
规范性文件\中国人民银行办公厅关于修订农村支付服务环境建设业务统计指标的通知（银办发〔2017〕90号）,无,无
规范性文件\中国人民银行办公厅关于修订支付系统相关管理制度的通知(银办发〔2016〕112号),无,"《支付管理信息系统数字证书管理办法试行》(银办发〔200773号文印发)
《网上支付跨行清算系统数字证书管理办法(试行)》(银办发〔2010〕159号文印发)、《支付管理信息系统数字证书管理办法试行》(银办发〔200773号文印发)
《全国支票影像交换系统数字证书管理办法(试行》(银办发〔2006〕265号文印发)《网上支付跨行清算系统数字证书管理办法(试行)》(银办发〔2010〕159号文印发)、《支付管理信息系统数字证书管理办法试行》(银办发〔200773号文印发)
"
规范性文件\中国人民银行办公厅关于修订非银行支付机构分类评级相关指标的通知（银办发〔2017〕21号）,无,无
规范性文件\中国人民银行办公厅关于加强小额支付系统集中代收付业务管理有关事项的通知（银办发〔2017〕110号）,无,无
规范性文件\中国人民银行办公厅关于加强征信系统查询用户信息管理的通知（银办发〔2017〕164号）,无,无
规范性文件\中国人民银行办公厅关于加强条码支付安全管理的通知（银办发〔2017〕242号）,无,无
规范性文件\中国人民银行办公厅关于印发《中国人民银行人民币防伪事项管理办法》的通知(银办发〔2017〕16号),"《中华人民共和国人民币管理条例》
",无
规范性文件\中国人民银行办公厅关于印发《中央银行会计核算数据集中系统综合前置子系统管理办法》的通知（银办发〔2017〕132号）,"《中华人民共和国中国人民银行法》
《中国人民银行会计基本制度》
《中国人民银行会计集中核算管理规定》
",无
规范性文件\中国人民银行办公厅关于印发《支付机构将部分客户备付金交存人民银行操作指引》的通知 (银办发〔2017〕45号),"《中国人民银行办公厅关于实施支付机构客户备付金集中存管有关事项的通知》
",无
规范性文件\中国人民银行办公厅关于印发《金融机构互联网黄金业务管理暂行办法》的通知（银办发〔2018〕221号）,"《中华人民共和国中国人民银行法》
",无
规范性文件\中国人民银行办公厅关于印发《黄金积存业务管理暂行办法》的通知（银办发〔2018〕222号）,"《中华人民共和国中国人民银行法》
",无
规范性文件\中国人民银行办公厅关于发布《“债券通”（北向通）结算操作规程》的通知（银办发[2018]150 号）,"《内地与香港债券市场互联互通合作管理暂行办法》
《“债券通”(北向通)结算操作规程》
《发行款到账确认书》
《中华人民共和国中国人民银行法》
《“债券通”结算操作盒泄娉獭
","《“债券通”结算操作盒泄娉獭(银办发〔2017137号文印发)
"
规范性文件\中国人民银行办公厅关于境外中央银行类机构在境内银行业金融机构开立人民币银行结算账户有关事项的通知（银办发〔2015〕227号）,无,无
规范性文件\中国人民银行办公厅关于境外机构境内发行人民币债券跨境人民币结算业务有关事宜的通知（银办发〔2016〕258号）,"《中华人民共和国中国人民银行法》
《境外机构人民币银行结算账户管理办法》
《中国人民银行关于境外机构人民币银行结算账户开立和使用有关问题的通知》
",无
规范性文件\中国人民银行办公厅关于完善人民币跨境收付信息管理系统银行间业务数据报送流程的通知（银办发〔2017〕118号）,"《跨境贸易人民币结算试点管理办法》
《跨境贸易人民币结算试点管理办法实施细则》
《人民币跨境收付信息管理系统管理办法》
《中国人民银行办公厅关于优化人民币跨境收付信息管理系统信息报送流程的通知》
",无
规范性文件\中国人民银行办公厅关于实施支付机构客户备付金集中存管有关事项的通知（银办发〔2017〕10号）,"《国务院办公厅关于印发互联网金融风险专项整治工作实施方案的通知》
",无
规范性文件\中国人民银行办公厅关于强化银行卡磁条交易安全管理的通知（银办发〔2017〕120号）,无,无
规范性文件\中国人民银行办公厅关于规范在支票上使用支付密码有关事项的通知(银办发〔2016〕59号),无,无
规范性文件\中国人民银行办公厅关于规范银行业金融机构账户黄金业务有关事项的通知（银办发〔2016〕94号 ）,"《中华人民共和国中国人民银行法》
《关于进一步明确黄金市场及黄金衍生品交易监管职责的意见》
",无
规范性文件\中国人民银行办公厅关于调整境外机构人民币银行结算账户资金使用有关事宜的通知（银办发〔2016〕15号）,无,无
规范性文件\中国人民银行办公厅关于进一步加强反洗钱和反恐怖融资工作的通知（银办发[2018]130号）,"《中华人民共和国反洗钱法》
《中华人民共和国反恐怖主义法》
《中华人民共和国中国人民银行法》
",无
规范性文件\中国人民银行办公厅关于进一步加强对涉嫌非法集资资金交易监测预警工作的指导意见(银办发〔2016〕201号),无,无
规范性文件\中国人民银行办公厅关于进一步完善跨境资金流动管理 支持金融市场开放有关事宜的通知（银办发[2018]96号）,无,无
规范性文件\中国人民银行办公厅关于进一步明确人民币合格境内机构投资者境外证券投资管理有关事项的通知（银办发[2018]81号）,"《中国人民银行关于人民币合格境内机构投资者境外证券投资有关事项的通知》
",无
规范性文件\中国人民银行办公厅关于非银行支付机构非现场监管系统上线运行的通知(银办发〔2016〕247号),无,无
规范性文件\中国人民银行办公厅关于黄金资产管理业务有关事项的通知（银办发〔2018〕215号）,"《中华人民共和国中国人民银行法》
《中国人民银行中国银行保险监督管理委员会中国证券监督管理委员会国家外汇管理局关于规范佥融机构资产管理业务的指导意见》
《中国人民银行办公厅关于加强银行业佥融机构黄金市场业务管理有关事项的通知》
《中国人民银行办公厅关于加强银行业金融机构黄金市场业务管理有关事项的通知》
",无
规范性文件\证券公司短期融资券管理办法（中国人民银行公告[2021]第10号）,"《中华人民共和国中国人民银行法》
","《中国人民银行金融市场司关于证券公司短期融资券管理有关事项的通知》（银市场〔2018〕14号）
《证券公司短期融资券管理办法》（中国人民银行公告〔2004〕第12号）及2018年4月12日发布的《中国人民银行金融市场司关于证券公司短期融资券管理有关事项的通知》（银市场〔2018〕14号）
"
其他文件\中国人民银行 海关总署公告〔2016〕第9号,"《黄金及黄金制品进出口管理办法》（中国人民银行 海关总署令〔2015〕第1号发布）
",无
其他文件\中国人民银行公告[2018]第2号,"《国务院办公厅关于进一步做好“放管服”改革涉及的规章、规范性文件清理工作的通知》（国办发〔2017〕40号）
","关于对进口黄金及其制品加强管理的通知	银发〔1988〕363号
关于重申对进口金银及其制品加强管理的有关规定的通知	银发〔1989〕244号
关于加强商业汇票管理 促进商业汇票发展的通知	银发〔1998〕229号
关于改进和完善再贴现业务管理的通知	银发〔1999〕320号
中国人民银行关于规范电子汇划收费标准的通知 	银发〔2001〕385号
中国人民银行公告〔2002〕第5号(关于全国银行间债券市场准入事宜）	中国人民银行公告〔2002〕第5号
中国人民银行办公厅关于印发《大额支付系统业务处理办法》（试行）、《大额支付系统业务处理手续》（试行）及《大额支付系统运行管理办法》（试行）的通知	银办发〔2002〕217号
中国人民银行关于城市信用合作社和农村信用合作社开办银行承兑汇票业务有关事项的通知	银发〔2004〕40号
中国人民银行公告〔2005〕第3号（银行业金融机构进入全国银行间同业拆借市场审核规则）	中国人民银行公告〔2005〕第3号
中国人民银行关于印发《商业银行、信用社代理乡镇国库业务审批工作规程（暂行）》的通知	银发〔2005〕89号
中国人民银行办公厅关于印发《小额支付系统业务处理办法（试行）》、《小额支付系统业务处理手续（试行）》及《中国现代化支付系统运行管理办法（试行）》的通知	银办发〔2005〕287号
中国人民银行关于落实《个人信用信息基础数据库管理暂行办法》有关问题的通知	银发〔2005〕393号
中国人民银行公告〔2006〕第11号（关于商业银行发行混合资本债券）	中国人民银行公告〔2006〕第11号
中国人民银行 国家环境保护总局关于共享企业环保信息有关问题的通知 	银发〔2006〕450号
中国人民银行办公厅关于中国人民银行征信中心向商业银行提供企业集团信贷信息查询服务的通知	银办发〔2006〕34号
中国人民银行 劳动和社会保障部关于企业年金基金进入全国银行间债券市场有关事项的通知	银发〔2007〕56号
中国人民银行关于印发小额支付系统通存通兑业务制度办法和工程实施计划的通知	银发〔2007〕203号
中国人民银行关于修订《支付清算系统危机处置预案》的通知	银发〔2007〕278号
中国人民银行关于在银行间外汇市场开办人民币外汇货币掉期业务有关问题的通知	银发〔2007〕287号
中国人民银行办公厅关于下发《企业征信系统数据接口规范（修改版）》的通知	银办发〔2007〕72号
中国人民银行公告〔2008〕第22号（据《中华人民共和国信托法》及《全国银行间债券市场债券交易管理办法》公告有关信托公司在全国银行间债券市场开立信托专用债券账户事宜）	中国人民银行公告〔2008〕第22号
中国人民银行关于保险机构以产品名义开立债券托管账户有关事项的通知	银发〔2008〕122号
中国人民银行办公厅关于印发《企业征信系统与银行信贷系统数据核对方案》的通知	银办发〔2008〕95号
中国人民银行办公厅关于改善企业征信系统集团客户关联企业信息查询服务方式的通知	银办发〔2008〕154号
中国人民银行公告〔2009〕第5号（基金管理公司为开展特定客户资产管理业务在全国银行间债券市场开立债券账户的有关事项）	中国人民银行公告〔2009〕第5号
中国人民银行公告〔2009〕第7号（对非金融机构进行登记事宜）	中国人民银行公告〔2009〕第7号
中国人民银行公告〔2009〕第11号(证券公司为开展证券资产管理业务在全国银行间债券市场开立债券账户)	中国人民银行公告〔2009〕第11号
中国人民银行关于冻结有关恐怖活动人员资产的通知	银发〔2012〕100号
中国人民银行关于切实做好银行卡刷卡手续费标准调整实施工作的通知	银发〔2012〕263号
中国人民银行办公厅关于应用机构信用代码辅助开展客户身份识别的通知	银办发〔2012〕66号
中国人民银行办公厅关于金融机构报送境外机构反洗钱工作报告（表）的通知	银办发〔2012〕175号
中国人民银行关于合格境外机构投资者投资银行间债券市场有关事项的通知	银发〔2013〕69号
中国人民银行办公厅关于境外机构在境内发行人民币债务融资工具跨境人民币结算有关事宜的通知	银办发〔2014〕221号
中国人民银行关于印发《征信机构监管指引》的通知	银发〔2015〕336号
中国人民银行办公厅关于做好银行业金融机构由间连方式改为直连方式接入中央银行会计核算数据集中系统综合前置子系统相关工作的通知	银办发〔2015〕110号
"
其他文件\中国人民银行公告〔2016〕第15号,无,无
其他文件\中国人民银行公告〔2016〕第16号,无,无
其他文件\中国人民银行公告〔2016〕第17号,"《非金融机构支付服务管理办法》（中国人民银行令〔2010〕第2号发布）
《中国人民银行关于〈支付业务许可证〉续展工作的通知》
《支付业务许可证》
",无
其他文件\中国人民银行公告〔2016〕第31号,无,无
其他文件\中国人民银行公告〔2016〕第3号,无,无
其他文件\中国人民银行公告〔2016〕第4号,无,无
其他文件\中国人民银行公告〔2016〕第7号,"《中华人民共和国中国人民银行法》
《中华人民共和国商业银行法》
《支付结算办法》（银发〔1997〕393号文印发）
《非金融机构支付服务管理办法》（中国人民银行令〔2010〕第2号发布）
",无
其他文件\中国人民银行公告〔2016〕第8号,"《全国银行间债券市场债券交易管理办法》（中国人民银行令〔2000〕第2号发布）
《银行间债券市场债券登记托管结算管理办法》（中国人民银行令〔2009〕第1号发布）
",无
